,CPI,Unemployment,GDP,Interest_Rate
AA,0.5409534313516882,12.736719226095495,-0.0018787296979336787,4.801851140613258
ABM,-0.1522352252710301,24.175343462319844,-0.00034593313487363275,7.430748160578252
ABT,-0.046086066161997334,32.11441417716776,-0.000906832807523017,10.230031203534033
ADM,0.37886048900595404,18.026094601010435,-0.0016623696883932837,6.392582838421032
ADX,0.18775205295631026,23.499031304756997,-0.0012588720517499041,7.709452090636519
AEM,-0.333880268274674,83.87108895254184,-0.0018403902421084695,26.28361934456168
AFG,-0.2685731540717481,42.620936886188154,-0.0006371259668185303,13.078228914595126
AFL,0.4604198966168841,-18.39229718412329,-0.0007130574567213444,-5.113920323089023
AIG,0.2826573356168368,28.253501688158938,-0.0017159619736055731,9.338428701666535
AIR,0.5280976699319967,-21.073200918515422,-0.0008376355325871998,-6.01493525853928
AIT,0.20680493330167063,8.85409391879104,-0.0008692496053264165,3.077916506456028
AJG,-0.18537111485843244,3.0204565670311694,0.0004174435217501049,0.6712573381796384
ALE,-0.025250606757023963,3.346572389595835,-4.544740025824723e-05,0.9466885839098815
ALK,-0.39759740339743177,17.54204271101284,0.0005705022465178899,4.858620086546913
ALX,-0.4109642782645127,80.76775275013841,-0.0014647465516333114,25.032178435146776
AME,0.5352980268208187,-6.662887042127967,-0.001282817287602711,-1.2918869940239222
AON,0.3965421379937238,-45.100030779892315,0.00028260131810498024,-13.718522222899548
AOS,0.0791432433239846,3.478415573764625,-0.0002901491970761505,1.071354233049376
AP,-0.49631006414652806,151.4172015911631,-0.0034920687213002566,47.466065102240876
APD,0.5194932239075337,17.004698472806087,-0.0019494717740933254,6.145371976308548
ARL,0.25976661638651155,2.557230296288048,-0.0007605681857270064,1.2056404068943924
ARW,0.5917328910850789,-17.578348391255783,-0.0010516913309253084,-4.844720547663342
ASA,0.32495817410295824,-1.8719290800214274,-0.0008238700255640552,-0.23489535893012098
ASB,-0.19662075444916913,20.18092148843147,-0.0001559807522220069,6.180698057287869
ASH,0.42506055504854695,42.91577883552075,-0.002259979299395809,13.538919327011735
ATO,-0.15082541187938425,36.11917320947514,-0.0007153919055156166,11.198554368848738
AVA,-0.3431629422437248,55.41097847964578,-0.000823358710213995,17.082615306948668
AVY,-0.14387237611344622,45.996915778483626,-0.001064748101804014,14.351264093223099
AWR,-0.08135516921904183,20.40169285047922,-0.0004434752876072423,6.3323937367652565
AXP,0.2542939100315183,38.12927675901774,-0.0018041898514482568,12.183249264655517
AXR,-3.0469115272426777,414.4172800569633,-0.005036845808547241,127.52975038040631
AZZ,-1.0091891311459396,195.54939171064,-0.0035235806099933598,60.81511908714622
BA,0.17048440494636563,19.110309988640022,-0.0010946198718286837,6.21055564019702
BAC,0.028194703378050034,40.07583000781635,-0.0013717692060239983,12.720081747202315
BALL,0.008450929639318585,17.827052172039778,-0.0005682223826966037,5.660127807476459
BAX,0.113888247154052,13.354299045178514,-0.0007584451622388855,4.464497177157237
BBWI,-0.12266780813512919,58.50097949864572,-0.0014311073742092617,18.1359797647174
BC,0.3784351432093912,23.020397695321474,-0.0015379799532979632,7.305888001257525
BCE,0.5949747523746733,9.200255920913854,-0.0019323018184085328,3.853564288316294
BDX,0.16017470206089926,12.542479288182616,-0.0008496266968478494,4.242643991729709
BEN,0.30495143580144074,4.685477322653862,-0.0009564245945243854,1.7346218724242437
BH,0.09581713632623402,40.01388097859822,-0.0013403340734896574,12.407261544752554
BHP,0.8552244784155734,-19.72823607857518,-0.0017143963185581867,-5.042320717440254
BIO,0.22466015406207354,17.601520680296694,-0.0011901262365512366,5.9298844921249545
BK,0.16180593319913825,31.86325748149097,-0.0014955076937006595,10.439350179958272
BKH,0.3249952380157854,0.7832150338668352,-0.0009522212698015453,0.7525928117465581
BMI,0.5052286642827244,13.273796242753637,-0.0018511321148633186,5.027819091018291
BMY,-0.05767746897999101,25.54021445860425,-0.0006495690335555082,8.045061583251496
BN,0.21203103365525244,33.217723310994295,-0.0016581217028814876,10.764291331047469
BOH,-0.006170765727386106,8.553775929454048,-0.0002536233546894806,2.6835522850342914
BP,0.2768739463857657,3.2554315690122473,-0.0008584458640021886,1.383616542197953
BRO,0.03642728447137368,-25.426126619609065,0.0006818716969512195,-8.124422754081209
BRT,-0.03074311646372365,52.143882041746195,-0.0015277898103249754,16.28943955943901
BTI,0.39982061092169735,3.5093444131362674,-0.0012458536400319353,1.722632061685388
BXMT,-0.4716556176397695,117.90798089488383,-0.002591504678775891,36.919563082459575
C,-0.1821846536540343,47.21658619567381,-0.0010775495283610326,14.73082990853143
CACI,-0.17717436555247915,14.951120508578828,3.9473975990134136e-05,4.445139102668322
CAG,-0.18761481997139315,68.55597641768765,-0.0016275064323139077,21.477242561480136
CAH,0.23293035357472244,-5.765782113674739,-0.0004374734118659518,-1.6345809454327436
CAL,-0.5443669397535174,77.85275545288651,-0.0010049934434732677,23.75217673667263
CAT,0.3706330564755099,-2.784551517306633,-0.0009323114338193328,-0.3932788259302285
CBT,0.01479180252946219,49.61408697185297,-0.0015517244936447128,15.587715265946724
CCK,0.3821987036678616,-19.38176460413196,-0.00044275576411223483,-5.6822919818481505
CDE,0.377339782305912,43.766886907106525,-0.0023591250686081366,14.243833175438445
CFR,-0.0776934925018511,0.9680037558098679,0.00017990311073423637,0.15591377618440688
CHD,0.0067220544190165635,23.704299336889726,-0.0007896489908212345,7.633884828031106
CHE,0.8367947705863041,-68.74546255410732,-0.0001368270769148694,-20.65042114421783
CI,0.610829838261203,5.937941651273202,-0.0018124208422349852,2.54722889242877
CIA,-0.6834026308107093,18.629141300135153,0.0012807192967372316,4.997749022188757
CL,0.12911031470739867,13.06980607132555,-0.0007759029572387277,4.357008314081133
CLF,1.2819927059029987,-57.54168663344409,-0.0017168889187146874,-16.417886063545534
CLX,0.004353769770965643,18.756489545087295,-0.0006071989367875119,5.965423226447795
CMA,0.07706831356689506,29.29192925351843,-0.0010999290667648154,9.26053052021752
CMC,0.2975406122187103,19.838317547699067,-0.001484249415923955,6.648777675469459
CMI,1.0923369758324712,4.164374727844333,-0.003153266379658959,3.08509128037288
CMS,0.29685750963583,0.965949479660866,-0.0008246927563377859,0.5649513159745126
CNA,0.07213607817063834,28.45590342400012,-0.0010882251104966656,8.986244438449004
CNP,0.0006020141414616367,30.483519504677947,-0.0009857826345189835,9.664314468824792
COP,0.2918851143291437,6.193378216553696,-0.0010561382980078804,2.415346753427275
CP,0.36735665583765115,18.522362375087667,-0.001584655747148389,6.3311178980118665
CPK,0.074835618163392,-11.213508730795285,0.00014385536595540316,-3.477714389728686
CRS,0.5025754738340528,36.71339519868801,-0.00259617440460147,12.45558386740475
CSL,0.18124077252137258,23.33900981030983,-0.001190543893365259,7.515909252144716
CTO,0.18887841305707825,-24.770359468890515,0.0002176596903282757,-7.732649267598628
CTS,-0.2871177697071122,80.0280051051751,-0.0016849064192712149,24.817123675386053
CULP,1.0585907113131294,38.59843538814161,-0.0037275872704256585,13.08481951396613
CUZ,-0.45615050472837815,65.79475309431453,-0.0009017532452162413,20.284090727645097
CVS,0.29748334798401294,4.183730654376682,-0.0009791707644914993,1.798625004671902
CVX,0.13830186817975273,23.524696294797298,-0.001164763501819266,7.7567682240718385
CW,0.17903550549899078,36.8920286399192,-0.0017188487821258036,12.137335147782482
CWT,-0.25730744022963936,2.6311160999101615,0.000611032370269271,0.48982062904918505
CXT,0.555173892919958,-1.552163292348795,-0.001431022916972724,0.14175231779485123
D,0.20581744982681502,1.8182330753283389,-0.0006396277186353494,0.8701768428997044
DCI,0.3672008187388875,6.061509090540053,-0.0012032427686046177,2.506201181452963
DCO,0.7566133155460144,-5.266847281045764,-0.0019556702267164994,-0.42559539955826425
DD,0.4414603228273069,12.203424712700409,-0.001520159147300859,4.336868921170648
DDS,0.23663093657980389,91.14113923820544,-0.003164847418375416,28.42620502170372
DE,0.8143474361384623,29.084885957778344,-0.0032034969974752414,10.650507933938242
DHR,0.1750037721384833,35.10009201652001,-0.0015996056994893593,11.428788844685418
DINO,0.09371532678844424,29.586699423351465,-0.0012697520815727614,9.318170649799253
DIS,-0.15082222718540397,64.38666878766195,-0.0016116300570701014,20.204985966867127
DLX,0.563397043613684,-4.9640678242334655,-0.001406862563008815,-0.6686326021433386
DOV,-0.02067150715393235,33.78589489009858,-0.0010039028019477314,10.653814004936237
DTE,-0.036393388631316796,21.920852398959745,-0.0005784661431142979,6.842716955572935
DUK,0.06397920525026238,21.17186256891648,-0.0008594407425874806,6.797125922456866
DXC,0.1102359660519654,21.80763399103587,-0.0009322646495739662,6.954030742915019
DY,0.49497376434053264,16.40404699807232,-0.0019089981485400642,6.0465847251603995
EAT,-0.09541690085016424,35.27698279465943,-0.0008244755924238234,10.8750447395145
EBF,-0.24903025427902067,59.608071234036075,-0.0011800053999664328,18.45703869348027
ECL,0.13500668627926468,27.56982610361655,-0.0012510878834675054,8.952108640493211
ED,0.12227193611180784,4.670446390742079,-0.0004781674148395254,1.6170205817202206
EFX,0.09811942954519896,-4.4615614116207425,-0.00013601742480329193,-1.3975626675172903
EGP,-0.17956792582605452,20.667775747783388,-0.00016689577333295347,6.20835667039063
EIX,0.3884255329850361,-15.18780346598058,-0.0006185798148443666,-4.300323757251418
ELME,-0.3681133032936926,52.056090337087745,-0.0006487583773946426,15.998517328752772
EMR,0.315503269692317,13.482275567181452,-0.001317010586397771,4.786886620847587
ENB,0.28702424608010074,-5.691413730668154,-0.0005944568910507542,-1.4749660913009728
ENZ,0.0746121707140037,52.988080710302846,-0.0018905100948956033,16.97732499720158
EQT,0.3907471455668254,1.370439423034261,-0.0011292848436994518,0.9837459705466249
ES,-0.07412197806759356,47.23033440072057,-0.0013294724516228484,14.948971072890986
ETN,0.4081141674771964,18.259002228827843,-0.0017045792759908807,6.430343707180309
ETR,0.14584938496058872,33.554191676509426,-0.0015150399939187764,10.98536022185802
EXPD,0.12062449258605598,10.981708417064965,-0.000710925525018169,3.6646222144323195
F,0.5960664834301448,53.00910413506028,-0.0029531630032622047,17.033013736372137
FDX,0.010853703846151952,14.931264434854455,-0.00047836141632906504,4.639120830040791
FHN,-0.3088139510485358,45.766281405319624,-0.0005678826448232144,13.908384496972378
FL,0.020190360282969694,22.895416251077044,-0.0007075708943773407,7.084131354892924
FLO,0.2983290570628302,-32.57665777489861,0.00018737164250381966,-9.888147628690833
FLS,0.9652824193119689,-16.14985744956006,-0.002143210592709721,-3.7140536914007813
FMC,0.18026623522531468,33.259955828245175,-0.001581590656165588,10.92464170379121
FRT,-0.13240724907541668,40.931872284760075,-0.0009648125993280132,12.788859663490626
FSS,-0.224232106253687,31.630180926407448,-0.00040937716537214897,9.727841180299468
FUL,-0.2916300927260516,71.32919260204419,-0.0014640226389275313,22.155359952896728
GAM,0.2657953379951075,17.410402532676425,-0.0012819671488024653,5.853188729478804
GAP,0.21904600281382594,27.933509101371857,-0.001442885144179229,9.132527345935786
GATX,-0.14496306232576087,17.109262667875527,-0.00017172159957823396,5.174866252577488
GBCI,-0.35907510302213647,25.372347006365683,0.00014589428661437864,7.538895192775329
GCO,0.43292971005617004,-7.142762434848581,-0.0009267791624054666,-1.8237736309230743
GD,0.1676723366192737,28.947691393418967,-0.0014035964284850877,9.466854115720176
GE,0.20756598511171973,20.45326321832369,-0.0012499095339251198,6.8195938603773
GFF,-0.3113640053610591,38.06271582561751,-0.00030383052537530375,11.462262006645219
GFI,0.03194922490347934,-2.355759434733946,-9.23915730588476e-07,-0.9081056235565866
GGG,0.09506019921307772,20.49108398799943,-0.0009026644066167933,6.594097616938054
GHC,0.27745281522106763,18.586006588031385,-0.0013492056851305279,6.328328566537187
GHM,3.408355019857869,-259.27456972600794,-0.0012635124604685188,-77.22340767130146
GIS,-0.13315477448292035,19.48079644875319,-0.00023938046965099602,5.978146624993764
GL,-0.022513093745497457,24.61127258183989,-0.0007365357548358986,7.7948588883716265
GLW,0.8242382959429216,-40.96458568408838,-0.0009143635885564549,-12.097056237131875
GPC,0.01272868000057207,13.835223011905143,-0.0004827262306008606,4.411564920123224
GRC,-0.7139197629168835,122.95806535245183,-0.0020205499682930395,38.19910793656882
GSK,0.09359831588482594,7.899327312227076,-0.0005046617050341595,2.5914592627867625
GTY,-0.14043006255784907,34.686373173482565,-0.0007059156069999517,10.779277248909635
GWW,0.3039173142105024,-12.09115001163917,-0.0004431858302780256,-3.3966130913657206
HAL,0.6359493425947608,-30.62969053825575,-0.0007600864176353639,-9.000669729569358
HD,-0.16368206655802972,17.39638379172846,-5.764284733089653e-05,5.147017331762512
HE,-0.17735546843892144,18.529074402694928,-9.544660855453913e-05,5.6182769023235135
HEI,0.1699650079856769,38.76801058629342,-0.0017487612585966872,12.67147807498194
HES,1.053208216057881,-39.714781028971956,-0.001722602366811543,-10.915337112882016
HL,0.02069929756252612,125.09352035592818,-0.0039725846205129756,39.7242713671458
HMC,-0.09580460745868764,48.60273759168863,-0.001251083037026035,15.155658715064906
HNI,0.3892684889847733,-18.16765405252516,-0.000417158293519293,-5.515568240791232
HOV,0.12016810668430497,9.78033834753487,-0.00048130403514612397,2.7599977343365363
HP,1.123014487539131,-84.20394410176053,-0.000402781488759274,-25.28584359813035
HPQ,0.15432651429671404,25.407649117231273,-0.0012494540879686156,8.247769189268586
HRB,-0.22082069839029506,-4.804044262661817,0.0007823978446088731,-1.9072528772812474
HRL,0.12462359620382052,15.546010108721607,-0.0008325960488502204,5.09644903643057
HSY,-0.04196889789137289,-1.2182865498162034,0.00017056898978173862,-0.5252009389634646
HUBB,0.3207741749950979,12.2999030962329,-0.0012351223893318775,4.332435391060743
HUM,0.7064428115277005,-49.911934405866106,-0.00041382342668327965,-14.92269866677164
HVT,-0.43008989954164434,49.22004645182178,-0.0003052715033646791,14.880653396963432
HXL,0.814925954753341,-16.73494672615929,-0.0016811526090769746,-4.2421845764700645
IBM,0.11570329123933445,32.461595786309935,-0.00130295807458225,10.439785902554014
IDA,-0.20546031200308615,45.114105462820156,-0.0008767715534290232,14.031336489385223
IFF,-0.14113783923683357,75.14698131342774,-0.0019858369872167714,23.667817822493213
IP,0.39315839950713116,31.751249087673187,-0.0019584909661141126,10.39288416758316
IPG,-0.13960019551521946,70.03861934654351,-0.001753154874734264,21.84876558042803
ITW,0.29749041993353204,11.203616104911568,-0.0011520506279492082,3.9637346866658447
J,1.2112066585152497,-40.14220620316685,-0.00219211989229251,-10.63867495860008
JEF,0.7065091924204948,8.509208931980588,-0.0022579844038528307,3.883324099579895
JHI,-0.021126453297568314,31.645056008751748,-0.0008914451615922303,9.93628383659828
JHS,-0.018305384953589816,27.48972535136761,-0.0007742727738602184,8.603545765450367
JNJ,-0.008892351414095563,16.27122137013706,-0.0004903244559386621,5.161821231886561
JPM,-0.04521094122498813,32.95939414262024,-0.0009090471998973726,10.330214348988305
JWN,0.2739476436913298,25.561757046054172,-0.0014165819962990156,7.964344207470172
K,0.03264791825832712,22.015162121912088,-0.000780482351046885,7.0287586436784775
KEX,0.3476456249178075,19.718397993594472,-0.0016111324495540202,6.809564424940413
KF,0.44544492472758634,-14.922800309449809,-0.0008110979527398143,-4.101620229144685
KGC,0.3019001881280838,-5.5858480202392515,-0.0007083285175149001,-1.210442152161255
KMB,0.046050978215876025,26.333013235003246,-0.0009520243534844042,8.421554488410296
KMT,0.350422273602642,14.050700659585951,-0.0014298593107344715,5.021477541289528
KO,0.2397725776575075,20.874817932778274,-0.001325633992141917,7.023683323078943
KR,-0.03373777202467872,14.69125533941856,-0.00042169170766293007,4.722663606709193
KWR,0.006080778149756252,37.38678446105458,-0.0011796438160871503,11.877959947585008
L,0.2820956565988961,15.435432849550619,-0.0012956692830332628,5.277806189780432
LEG,-0.1758165079640827,29.056446555603788,-0.0003798059636466178,8.855514309128496
LEN,-0.10363502544647184,13.805253657034273,-8.715586481677917e-05,3.919964068372758
LHX,0.5607889708425422,-20.476478014332965,-0.0009083552016448948,-5.730968880022377
LLY,0.17533837993892967,-5.282103507572662,-0.0003305055122488909,-1.4069616088403782
LMT,-0.07349289189875453,39.81580608058481,-0.0011204202974539612,12.625098267573946
LNC,0.12389714054735533,38.8885083434524,-0.0015847631457930333,12.43311824630975
LOW,-0.10564521301357928,-6.2259208003683115,0.0005069018422956262,-2.2631465880920283
LPX,0.7646150785770849,13.850794276844466,-0.002170334866494983,4.634137354602166
LUMN,-0.060435294263632484,47.81466706443203,-0.0013288548685679302,15.039765433443092
LUV,0.07042836796805063,5.45776279402255,-0.0003297526765306813,1.6985605725951047
LXU,0.9226167468741214,77.04443738711322,-0.0050422542939116965,26.1949131177393
LZB,0.6172933619057642,28.12932670880473,-0.0022228785934856887,9.023666200969064
MAGN,0.14175830972952247,23.74850494344772,-0.0011241464904436782,7.693971717697141
MAS,0.014999764794513603,29.35111235660604,-0.0009413941734273124,9.240462180819472
MATX,0.6161307567530143,-32.103454761910434,-0.0006598963894717258,-9.423655956535427
MCD,0.03653479823021343,19.87385853250546,-0.0007640520278151541,6.484677030432027
MCI,0.016642435569234237,28.171774908597975,-0.0009232740382394411,8.866651997160288
MCS,-0.7536741737620303,77.93590393689502,-0.00043365076356849386,23.677752831713477
MDT,0.26506007890030103,-7.045932146930857,-0.0004743880875937023,-1.9993761112401687
MDU,0.1093372547201492,6.4823359168927865,-0.0005296917571913085,2.1925460475682583
MEI,0.6278499177788006,18.02324866531238,-0.0023049451583112557,6.755233353720406
MGA,0.2818010309898865,35.52329853369371,-0.001853996544454617,11.57803858899021
MKC,-0.12625741330922843,43.95303369754946,-0.001043410811433887,13.808896803881177
MMC,-0.06553877581221268,4.250241863584424,4.348236162243779e-05,1.2361800997552221
MMM,0.2644435980520635,8.713982294522362,-0.0009674349242914104,3.084850589828372
MO,0.30385511029339923,4.8165609317955544,-0.0009910669690702534,1.9155831427451593
MOD,0.4151782847163038,3.4079460994404234,-0.0010943493771149448,1.2566558381246025
MRK,0.26942453920213555,41.23533777754153,-0.002082940515407472,13.574004326610796
MSA,0.5371748649631756,15.192860870309694,-0.001972709160581232,5.74274743060455
MSB,-0.2831663313669074,82.50628602918118,-0.0018495865740817408,25.636088464218727
MSI,0.3970732334955102,-5.468946210624712,-0.0008645257908410642,-1.4531332564102042
MTB,-0.17586921979757694,30.537735774663766,-0.0004667386889245506,9.320263887349702
MTR,0.6972900403248324,-38.381834785052376,-0.0007307859352110313,-11.094127737871746
MTRN,-0.32324307597377827,142.863210909747,-0.003687508360457059,44.99535581604059
MTZ,-0.20707770487732788,10.795505093195153,0.000238689339505882,3.086165390530189
MUR,0.8986063131903879,-40.44802955341007,-0.0012231896620988891,-11.484552536817768
MUX,1.4416062126279,-347.972625591191,0.006909489077827402,-110.19405048873355
MXF,0.07002855760051438,41.65780761293346,-0.0015282078094003282,13.206837706423448
MYE,0.16741610408197774,10.626056860586722,-0.0008058053223347628,3.546623916889316
NBR,0.556947773962387,-36.32696043868455,-0.0003148642302832627,-11.047036522083383
NC,0.04919024581095433,33.9127339528895,-0.0011968316008292845,10.680410054262678
NEE,0.1386667577126487,25.258585230154523,-0.0012236157485574495,8.294932847519252
NEM,0.31208277050652483,-28.736275777332,6.172709988305769e-05,-8.745370388421735
NEU,-0.4428534175335568,160.15779977626215,-0.00371799274344653,49.84605801983855
NFG,0.27310754530682296,21.346582275407997,-0.0014036767176435205,7.109197070774072
NI,-0.03553290294904958,40.43819071567583,-0.0011467570078949052,12.66464712600301
NJR,-0.18541203678121632,15.552273259639717,8.903229884893449e-06,4.716592913266835
NKE,0.27375960649262837,12.565631479797764,-0.0011456462584558125,4.428275312003841
NL,0.04185119525418746,-17.304404356466485,0.00041562721912313805,-5.263986320972753
NNN,0.09131816717869398,20.50271549456908,-0.000890878912144899,6.605784972431277
NOC,0.3075411130057093,10.896451378340279,-0.001199621386431815,3.8881648900597012
NPK,-0.5202310261675047,37.50647668958184,0.00030124420536736807,11.075420472514002
NRT,-0.12951227960793188,55.850568487987395,-0.0014123350869752471,17.452685912055404
NSC,0.023669758912576812,0.4834032665190251,-8.637932775040769e-05,0.1306373596423983
NUE,-0.20323329914589075,58.70972449697561,-0.0013698333621476877,18.40630935085141
NVO,0.25347768893645406,38.00729751120617,-0.0019406418783987078,12.588624106840825
NVRI,0.7985115355836641,-11.112756237903056,-0.0018953736736406768,-2.251029855281436
NWN,0.001278658414334771,23.76206354701737,-0.000781949004647231,7.6123899578821925
NX,0.6674470006894135,-9.311447104293638,-0.0014932637542930394,-2.0417940681647124
NYT,0.12561010027751596,35.57073409897379,-0.001391797528413008,11.318362150205926
ODC,0.14328597582202887,15.634110753871546,-0.0009372052535390196,5.318553180896062
OGE,-0.2099667836203698,66.19395551032041,-0.0015118300074448143,20.65116910978203
OII,0.6284998482626037,35.408297755202696,-0.002846301339545221,12.138462283002905
OKE,-0.1613627025413465,81.90680675082649,-0.0021443300203856097,25.75507455544762
OLN,0.2557728522713606,-16.29417172405856,-0.00018405531833565192,-4.752388616670014
OLP,-0.2222611403329322,65.29495832999682,-0.001476809520511324,20.390985572348363
OMC,0.047695288282903724,37.62982710284811,-0.0013013001877268948,11.919174508098173
OMI,0.262147719367667,6.947895786477406,-0.0009532858520229226,2.6742321118308103
OPY,0.2700296527601804,97.03744978092526,-0.0037149038233366127,31.055679964058424
ORI,-0.24569948888861348,23.041225846872212,-7.291934083042406e-05,6.894920400037109
OXM,0.26474146504836343,3.2571877181686144,-0.0006837588489849722,0.8974455518744446
OXY,0.5436684065174491,-12.291132410864837,-0.0011303769327017932,-3.078211862946005
PAI,-0.04388058798606375,25.899144731096776,-0.0006786106881619958,8.102301678408374
PAR,0.6652455193355129,-132.94935534556444,0.0023561036279602376,-41.64355290465553
PBI,-0.07950503572369039,28.297292116407174,-0.0006948999982405724,8.8666805053333
PBT,0.07315934912410123,-1.004835347831817,-0.00017868486910521675,-0.23888116105143808
PCG,-0.1637863270187052,29.029299715864063,-0.00047500359789154345,8.931476619557484
PEG,0.641993391012246,-21.831482661041036,-0.001107334864624221,-5.954337956946551
PEO,0.4287670497077942,-0.893052946978417,-0.0011703627244615822,0.31872939171758274
PFE,-0.09541865916990792,29.433060574747422,-0.0006703899668600855,9.207937880480257
PG,0.12358530669829883,7.426098679858477,-0.0005986020448425222,2.582719010248364
PGR,0.22052979912258008,-31.86823036381966,0.0004189715558560181,-9.975496538457064
PH,0.47811156623889944,19.120649662230917,-0.0019339424399902327,6.876519047590964
PHG,0.34112832322013054,19.367475569060545,-0.0015411182065463436,6.556857843159101
PHI,0.34851348117378583,28.621181540422167,-0.001924327339050791,9.681249053750951
PHM,-0.4151321115863815,-9.162699902590196,0.0014542614416033217,-3.740305808122797
PKE,0.3965737277426832,-11.426003562762611,-0.0007048871787525002,-3.1528239333881443
PNC,-0.0775462220070172,26.40946817091364,-0.0006384641096310872,8.23749984265133
PNR,0.3079448240684342,6.002344888429708,-0.0009978883525514348,2.3273609713838685
PNW,-0.16754092360505835,41.400881032921916,-0.0008476655323264026,12.865456448939225
PPG,0.21432265961907468,27.32606537234586,-0.001431405236171912,8.967377823769004
PPL,0.442964857568506,10.716789627894302,-0.00160724231673548,4.159774453834857
PRG,-0.661614385929906,54.41161016076299,0.00010582135311665297,16.293398580850745
PSA,-0.48818933540634235,43.03798797177735,-4.176358066843022e-05,12.899567911332419
PVH,-0.173812111373702,69.32217638826877,-0.0016578280020951297,21.501271819160067
R,-0.16157197077026145,42.140673669480506,-0.0008968563280475905,13.168110336793529
RAMP,-0.2974505860677641,46.770512082523474,-0.0005844237162477839,14.172740286964672
RES,0.1600169165692938,-72.59959567642568,0.0018218086848378334,-23.186437799040068
REX,0.12477439309889292,35.552947406866984,-0.001414929857297409,11.305412452451595
RF,-0.1038047442778287,39.324508645331214,-0.0010168892518152006,12.330480838939648
RGR,-0.168591292684653,64.32615547882723,-0.001523133255545872,20.086344517860606
RHI,0.009101339876146902,-5.240338476692002,0.0001661867232165548,-1.8472345148921887
RJF,0.2474467942069647,17.499002405257475,-0.0012360744573349791,5.833123910336835
RLI,-0.10361339933547589,1.1553637363290643,0.00021994060768681933,0.2266712074479643
ROG,-0.3820761134665959,77.91562902575447,-0.0014414414638821427,24.178837190923815
ROK,0.44398557463813754,-1.2832976532489215,-0.0011641722410200561,0.131076927497003
ROL,0.22025039465307256,-2.9861654719967463,-0.0005320600329388192,-0.5694551382885269
RPM,0.05784484686357721,39.85923808539429,-0.0013803414186952523,12.657323444205531
RRC,1.0685184544797577,-73.44808910851779,-0.0006545103536410579,-21.808452012058613
RRX,-0.26083071716299633,48.23380584342425,-0.0008124531865050244,14.83535938424168
RTX,0.3021535321609763,7.0221287659591765,-0.0010524758757899377,2.660262349922562
RVTY,0.47135741991861096,-4.691792552113567,-0.0011183899660549557,-0.8848520575565857
SBR,0.12654929768523396,-24.803906699729204,0.00042730122334333487,-7.746620571359631
SCI,0.5445859609256503,24.05895211409123,-0.0022481786755932376,8.394568217998321
SCL,-0.23241888427470367,4.976153660857651,0.0005236489180626691,1.17366155827823
SEE,-0.08686208117412594,32.69365822006956,-0.0007568781522238055,10.083493610585894
SF,0.29867199674056366,-59.38505807310334,0.0010545256943004233,-18.5388853517542
SHEL,0.27235993781199985,12.785378958356286,-0.0011733981053598797,4.472704057883367
SHW,-0.34666857161384057,46.44629007119887,-0.0005365020231025142,14.2639211124225
SJT,0.2623541326385643,-61.53031853859382,0.0011654060927241972,-19.182406496531804
SKY,-0.20182321013009358,39.726339499188605,-0.0007182734652388945,12.303597476049283
SLB,0.6828426471878275,-0.8642089486944466,-0.0018765614741248493,0.6986976452514283
SMP,-0.41706300269836455,128.75386698982686,-0.0028048640577083006,40.012779395369165
SNA,-0.052874234217082774,27.99421111973693,-0.0007625587782165155,8.812980628546384
SO,0.009029413717529697,4.847719993754428,-0.00019897538755309085,1.5903123358244713
SON,-0.1364518140452664,45.120157481181195,-0.0010480007231521427,14.067195961698802
SONY,0.5130306314827345,5.846532072206972,-0.0016003687044561232,2.594230721210628
SOR,0.3164953853715322,2.8713109943111537,-0.0009152490596155971,1.1987152479178487
SPB,-0.0471638406429011,39.47431771160615,-0.001116880257320929,12.514150892314895
SPGI,-0.17981025096812708,50.36397743212736,-0.001079072043964402,15.54864581751933
SPXC,0.6798832660993822,18.225272867315326,-0.002491911069402164,6.894030101621834
SR,-0.38256064658688504,19.45634936367752,0.0004089245147476106,5.720689844639206
SSL,0.6158393527417134,-39.35171829084043,-0.00047203202203149885,-11.700462770054983
STC,-0.22727180986253168,-7.782246169654371,0.0008256864788602769,-2.839858538973597
STEW,0.0001828401466524075,60.923266479495595,-0.001961318522340605,19.396496582026828
STT,0.3023031850835292,19.372215061363352,-0.001485096818676368,6.6262497246783765
SU,0.7129523003501036,-17.937254437666002,-0.0013940845036195526,-4.855172440724862
SUP,0.258475620713481,11.07198041056774,-0.0010033579722978914,3.796726721437729
SWK,0.14976125485124783,14.93423139745233,-0.0008385211997534725,4.841806499173415
SWX,-0.38603199307701125,59.864539296512326,-0.000847990579991631,18.40750993054577
SXI,-0.4703797024486406,23.073036842959553,0.0005834696528026484,6.544455341223262
SXT,-0.10021971422525629,56.397814265696375,-0.0015275356329311762,17.879703663853732
SYK,0.3583854618598345,28.76575329606925,-0.0019152980223502425,9.73864566014354
SYY,-0.13038690385720375,43.184687560162324,-0.0009911204375114835,13.490465400956838
T,-0.053644750986589974,57.88370219577963,-0.0017373888933818193,18.41510526202109
TAP,0.17144761625898797,11.682384501951429,-0.0008722078579364023,4.109083131271421
TDS,7.665927727085954,-2125.5702832039915,0.04469556645517514,-670.6815614144275
TDW,0.2533675484968685,-4.52046635973783,-0.0005639842437865639,-1.1141594480135495
TEVA,0.7533833958956154,-72.11090605811464,0.0002242222899724311,-21.862522016516778
TEX,-0.34494798696421713,128.7098197987666,-0.003233074173010664,40.44789592000732
TFC,-0.24574988094077002,17.897070666424888,0.00010901361805437659,5.263388966141047
TFX,0.14608247754588558,-10.900799645718251,-6.398155308140474e-05,-3.3250023531047668
TGNA,0.16495453841158553,45.66122082690106,-0.001807505366713258,14.497618261106188
TGT,0.09231793541977919,12.05677003367716,-0.0006024275828604431,3.832971100256063
THC,0.656952804329758,42.36566654258817,-0.002745511695245284,13.587122113469409
THO,0.36887276664039104,28.363669014039036,-0.001789221593522683,9.204472899232961
TISI,0.5772337562357921,16.344672088156948,-0.002255995283285017,6.407036308039964
TKR,0.4311981882129573,-20.279461337479315,-0.0005451482850205025,-5.8853921160338105
TM,-0.0768486138756375,30.456427698712332,-0.0007589867567041608,9.423635652028363
TMO,0.12961030893069894,55.153462069389406,-0.0021220589940398327,17.75390318323765
TNC,0.8173638195948949,-9.7779182171664,-0.0019291071302287577,-1.9822259317271478
TPC,0.35640706323692106,-0.6155526967837467,-0.0010551742387004959,0.4118838285240802
TPL,0.01332751396332168,53.745174466202656,-0.001761223203153861,17.066405496625862
TR,-0.2084360116814919,31.605361559888305,-0.0004180796823050059,9.724695746299021
TRC,-0.2670781485764795,62.497728925418286,-0.0012561877120731424,19.402354260224016
TRN,-0.015478120101637747,20.081813425262926,-0.0006140506335938767,6.238335769452771
TRP,0.32516255775597125,-2.8745607444401577,-0.0008125992444485419,-0.4956536629484337
TRV,-0.0006499773194415263,13.594027376380884,-0.0004457007312783645,4.278773936532518
TSN,0.21431676839003239,11.870798314183522,-0.0009295589581004293,3.9805855020607175
TT,0.6182302623316694,5.025556661842608,-0.0017716169194184062,2.3020712497721534
TTC,0.32848267402276116,5.2450470289925235,-0.001069405121340239,2.1197678124890733
TXNM,-0.15059432621088437,54.98254970786066,-0.0013220688962078952,17.135252172021897
TXT,0.7078932056907854,20.27972874228923,-0.002623816726355699,7.549753380547571
TY,0.12979977941994889,30.853742460579042,-0.00134961574229564,9.975666363813376
TYL,-0.3265356200067667,69.37183213029046,-0.0012687363544898744,21.46011559255832
UDR,-0.42109358545335457,62.505916516001086,-0.0008131675692979456,19.141344604229285
UFI,0.04946710670120935,-10.767953214532946,0.0002752587872425494,-3.41679549272755
UGI,-0.1714632406961807,38.552323088268196,-0.0007773507982165029,12.036104910504635
UHS,0.03945730261239329,27.060909240281465,-0.0009193217261689313,8.509303370221177
UIS,0.24706353701555242,102.58434599765123,-0.003563120864271241,32.19362970179141
UL,0.34093160610720985,25.949778083171744,-0.001765724091224996,8.772976496615168
UNF,0.04576165360448766,26.389395878393465,-0.0009219247815792642,8.320944277673687
UNH,0.5161514038114169,-31.659020936447398,-0.00043420751911327216,-9.411722466342843
UNP,0.3983171666497806,-3.348637721522875,-0.0009946162071723386,-0.4826528257284677
USB,-0.17094009033257002,34.94571985282119,-0.0006678713753629495,10.881643148859908
UVV,0.19891087130123866,30.149481975243702,-0.0014646626291217046,9.786129218693318
VBF,-0.04426103982026955,8.827320218482201,-0.0001388826319281833,2.704378426788969
VFC,-0.3166855663732847,66.21023042764963,-0.0012210119693065735,20.508998166657314
VHI,0.36045750087457257,25.807032583688503,-0.0018407783220766305,8.80246997963239
VLO,0.8616584126592828,-77.65891295884202,-2.8857185853325973e-05,-23.51234266098284
VMC,-0.24413540266127234,27.649102645427185,-0.0002622164931089799,8.440132014509784
VMI,0.29580408017653964,38.794192782919815,-0.002109151811460208,12.871252981083165
VNO,-0.3385046464943587,62.10622564868513,-0.0010517447747986353,19.148400923322487
VSH,0.3982714568514546,25.964849186256142,-0.001777083756980602,8.483073809426465
VZ,-0.01066868095655539,47.39517088059505,-0.001499034214837991,15.172552421456688
WEC,0.003701054504030093,16.724096180192227,-0.00054613941032855,5.276651972053017
WELL,-0.16150622193562836,40.59977909299995,-0.0008550822696520299,12.714183107763297
WFC,-0.2133476026030391,19.553056691597703,-4.6737056909051944e-05,5.893771705412441
WGO,0.16924406223848293,36.74188281766953,-0.0015254352606888233,11.623491051708633
WHR,0.4122271439730575,-1.250806834070499,-0.0010114274106103327,-0.06519553799047342
WLY,0.22900919154225627,-8.944347357901153,-0.00034192222405771133,-2.542440149675339
WLYB,0.2218739183682122,-7.39797667803748,-0.0003709790650781031,-2.0622205825879467
WMB,0.6453949877910176,-11.090882959232022,-0.001437449929200696,-2.6554833548023726
WMK,0.15317360813290712,-11.446496106677852,-5.527061688859192e-05,-3.4657557114706323
WMT,-0.0817557639994697,0.7459205067182414,0.00020868088558312348,0.1574624478798847
WOR,0.26641097468528335,0.302783431591117,-0.0007305525776101218,0.43292008206552474
WRB,-0.10408906364997993,-18.074059251023314,0.0008171139545041228,-5.969831449704913
WSM,0.6600396839249929,-19.4978416862813,-0.0010179158738701233,-5.734628159987156
WSO,0.1284066742177906,-59.108039855389165,0.0015518400284904033,-18.87020968919378
WST,-0.8271904290588558,125.80724143286685,-0.0017714183674826245,38.82189629778964
WTRG,0.14975431563061894,-45.500350523470374,0.0010073422989904657,-14.333974918296928
WWW,-0.16713164746330383,34.10391237141631,-0.0006079239386735935,10.504761760420202
WY,0.3230671491919163,19.619586231449354,-0.0014962872123085447,6.634206510465863
XOM,0.0012557011284770477,29.89154895820611,-0.0010111559251129165,9.613962625672814
